{
  "hash": "4f51c3ef",
  "configHash": "3da03d3c",
  "lockfileHash": "76b1c026",
  "browserHash": "48d9a2b9",
  "optimized": {
    "@angular/common": {
      "src": "../../../../../node_modules/@angular/common/fesm2022/common.mjs",
      "file": "@angular_common.js",
      "fileHash": "211c5d28",
      "needsInterop": false
    },
    "@angular/common/http": {
      "src": "../../../../../node_modules/@angular/common/fesm2022/http.mjs",
      "file": "@angular_common_http.js",
      "fileHash": "dde71805",
      "needsInterop": false
    },
    "@angular/core": {
      "src": "../../../../../node_modules/@angular/core/fesm2022/core.mjs",
      "file": "@angular_core.js",
      "fileHash": "7eb2da60",
      "needsInterop": false
    },
    "@angular/forms": {
      "src": "../../../../../node_modules/@angular/forms/fesm2022/forms.mjs",
      "file": "@angular_forms.js",
      "fileHash": "e1a0e182",
      "needsInterop": false
    },
    "@angular/platform-browser": {
      "src": "../../../../../node_modules/@angular/platform-browser/fesm2022/platform-browser.mjs",
      "file": "@angular_platform-browser.js",
      "fileHash": "8efc1937",
      "needsInterop": false
    },
    "@angular/router": {
      "src": "../../../../../node_modules/@angular/router/fesm2022/router.mjs",
      "file": "@angular_router.js",
      "fileHash": "264e7555",
      "needsInterop": false
    },
    "jspdf": {
      "src": "../../../../../node_modules/jspdf/dist/jspdf.es.min.js",
      "file": "jspdf.js",
      "fileHash": "260551b2",
      "needsInterop": false
    },
    "rxjs": {
      "src": "../../../../../node_modules/rxjs/dist/esm5/index.js",
      "file": "rxjs.js",
      "fileHash": "440a9985",
      "needsInterop": false
    },
    "rxjs/operators": {
      "src": "../../../../../node_modules/rxjs/dist/esm5/operators/index.js",
      "file": "rxjs_operators.js",
      "fileHash": "7674a789",
      "needsInterop": false
    }
  },
  "chunks": {
    "html2canvas.esm-OIR3G3VO": {
      "file": "html2canvas__esm-OIR3G3VO.js"
    },
    "purify.es-7734OYTJ": {
      "file": "purify__es-7734OYTJ.js"
    },
    "index.es-GSWCEL5Y": {
      "file": "index__es-GSWCEL5Y.js"
    },
    "chunk-JZCPY7PP": {
      "file": "chunk-JZCPY7PP.js"
    },
    "chunk-X6PB7WTO": {
      "file": "chunk-X6PB7WTO.js"
    },
    "chunk-2KUV65HP": {
      "file": "chunk-2KUV65HP.js"
    },
    "chunk-SFCVP3BU": {
      "file": "chunk-SFCVP3BU.js"
    },
    "chunk-L3WOYKYE": {
      "file": "chunk-L3WOYKYE.js"
    },
    "chunk-QN5HDKTT": {
      "file": "chunk-QN5HDKTT.js"
    },
    "chunk-XPU7EA6D": {
      "file": "chunk-XPU7EA6D.js"
    },
    "chunk-MHK6ZZQX": {
      "file": "chunk-MHK6ZZQX.js"
    },
    "chunk-TXDUYLVM": {
      "file": "chunk-TXDUYLVM.js"
    }
  }
}